<?xml version="1.0" encoding="utf-8"?>
<feed xmlns="http://www.w3.org/2005/Atom">
    <title>lubka-and-david</title>
    <link href="https://serranolozano.github.io/wedding/feed.xml" rel="self" />
    <link href="https://serranolozano.github.io/wedding" />
    <updated>2018-03-16T03:57:38+01:00</updated>
    <author>
        <name>dhaslock</name>
    </author>
    <id>https://serranolozano.github.io/wedding</id>

    <entry>
        <title>RSVP</title>
        <author>
            <name>dhaslock</name>
        </author>
        <link href="https://serranolozano.github.io/wedding/rsvp-2.html"/>
        <id>https://serranolozano.github.io/wedding/rsvp-2.html</id>
            <category term="SK"/>

        <updated>2018-03-16T02:34:11+01:00</updated>
            <summary></summary>
        <content type="html">
            <![CDATA[
                    <img src="https://serranolozano.github.io/wedding/media/posts/17/rsvp.png" alt="" />
                <h2>RSVP</h2>
<p>Tu vás poprosíme o potvrdenie vašej účasti, príp. neúčasti, ako aj o ďaľšie informácie, ktoré nám pomôžu zorganizovať náš svadobný deň k najväčšej spokojnosti všetkých. <br><br>Obrad sa bude konať v sobotu, 5. mája o 16:00 (od 15:00 bude podávané občerstvenie pre zhromažďujúcich sa svadobčanov), nasledovať bude svadobná hostina a veselica bude trvať až do rána bieleho. V nedeľu sa budú podávať raňajky pre tých svadobčanov, ktorí sa rozdhodnú prenocovať. K dispozícii bude ubytovanie pre všetkých, ktorí o to budú mať záujem. Bližšie informácie o ubytovaní ako aj ďaľsie podrobnosti budú postupne pridávané sem na stránku.</p>
<form action="https://formspree.io/serranolozano@gmail.com" method="POST">
<p><strong>Prídete?</strong><br> <textarea style="margin: 0px; width: 500px; height: 50px;" name="vienen">    Áno / Nie 
  </textarea><br><strong> Kto presne? </strong><br> <textarea style="margin: 0px; width: 500px; height: 50px;" name="quienes">    Napr. Iba ja / Ja + 1 / Ja a deti / Celá rodina ... 
  </textarea><br><strong> Akékoľvek ďalšie informácie: </strong><br> <textarea style="margin: 0px; width: 500px; height: 100px;" name="comentarios">  Čokoľvek ďaľšie, čo nám chcete dať vedieť
  </textarea><br><strong> Meno: </strong><br> <input name="name" type="text" placeholder="meno"><br> <strong> e-mail: </strong><br> <input name="_replyto" type="email" placeholder="kontaktný e-mail"> <br> <br> <input type="submit" value="Odoslať"> <br> <input name="_language" type="hidden" value="sk"><br> <input name="_subject" type="hidden" value="RSVP Boda"> <br> <input name="_next" type="hidden" value="http://www.lubka-david.eu"><br> <input style="display: none;" name="_gotcha" type="text"><br> <input name="_cc" type="hidden" value="krausova@gmail.com"></p>
</form>
            ]]>
        </content>
    </entry>
    <entry>
        <title>Kvety</title>
        <author>
            <name>dhaslock</name>
        </author>
        <link href="https://serranolozano.github.io/wedding/pre-deti.html"/>
        <id>https://serranolozano.github.io/wedding/pre-deti.html</id>
            <category term="SK"/>

        <updated>2018-03-16T03:23:35+01:00</updated>
            <summary></summary>
        <content type="html">
            <![CDATA[
                    <img src="https://serranolozano.github.io/wedding/media/posts/16/flores2.png" alt="" />
                <p class="p1"><span class="s1">Milí moji!</span></p>
<p class="p1"><span class="s1">Chcela by som vás poprosiť, aby ste mi nenosili kvety. Je to pekná tradícia, ale zároveň aj veľmi rozšafná. Budem mať svoju kyticu a to mi úplne stačí. Navyše je jar, všetko bude (dúfam) rozkvitnuté. Miesto gratulačných kvetov by som vás chcela poprosiť, aby ste čokoľvek, čo by ste inak utratili v kvetinárstve venovali Dobrému anjelovi. Ja im už nejaký ten piatok prispievam a ak môžeme v náš deň D aj trochu pomôcť iným, bude to ešte lepší deň. Nižšie je link aj vysvetlivky, aby to bolo čo najjednoduchšie. Minimálne časovo to bude oveľa rýchlejšie ako návšteva kvetinárstva a nemusíte si to nechávať na sobotné ráno v deň svadby </span><span class="s2">☺</span></p>
<p><img class="post__image--center" src="https://serranolozano.github.io/wedding/media/posts/16/dobryanjel.png" alt="" width="1200" height="300"></p>
<p>Z Dobrého anjela nám na túto príležitosť vytvorili užívateľské konto.</p>
<pre><span class="s3">Link: <strong><a href="https://www.dobryanjel.sk/profil-dobreho-anjela/prihlasenie/"><span class="s4">https://www.dobryanjel.sk/profil-dobreho-anjela/prihlasenie/</span></a></strong></span><br><span class="s1">Užívateľské meno/anjelské číslo: <strong>11011139</strong></span><br><span class="s1">Heslo: <strong>svadba</strong></span></pre>
<p class="p1"><span class="s1">Dostanete sa na takto vyzerajúcu stránku: </span></p>
<p>Vpravo kliknite na tlačidlo „prispieť kartou“ (viď obrázok - pic) a dostanete sa na takto vyzerajúcu stránku: pic</p>
<p class="p1"><span class="s1">Tam už len vyplňte sumu a nezabudnite v políčku „počet mesačných platieb“ uviesť 1 (aby vás tá kytica nevyšla veľmi draho). Pic A ďalej vás to už navedie.</span></p>
<p class="p2"> </p>
<p class="p1"><span class="s1">Ak by ste uprednostnili bankový prevod, tak údaje Dobrého anjela k našej svadbe sú nasledovné:</span></p>
<pre class="p1"><span class="s1">IBAN: <strong>SK7802000000002197258257</strong></span><br><span class="s1">Variabilný symbol: <strong>11011139</strong></span></pre>
            ]]>
        </content>
    </entry>
    <entry>
        <title>Darčeky</title>
        <author>
            <name>dhaslock</name>
        </author>
        <link href="https://serranolozano.github.io/wedding/darceky.html"/>
        <id>https://serranolozano.github.io/wedding/darceky.html</id>
            <category term="SK"/>

        <updated>2018-03-16T03:21:02+01:00</updated>
            <summary></summary>
        <content type="html">
            <![CDATA[
                    <img src="https://serranolozano.github.io/wedding/media/posts/13/regalos.png" alt="" />
                <p class="p1"><span class="s1">Milí naši!</span></p>
<p class="p2">Najväčším darom pre nás je, že ste sa rozhodli s nami stráviť náš svadobný deň a myslíme to naozaj úprimne. Nemáme žiaden zoznam servisov, žehličiek a naberačiek, ktoré by sa nám mohli hodiť. Nehovoriac o tom, že by sa nám určite nezmestili do kufrov pri návrate do Alicante. Takže príďte len vy, nič viac nám ku šťastiu nechýba. Naozaj naozaj!</p>
<p class="p2">Ak nám chcete niečo darovať, tak budeme samozrejme vďační za akúkoľvek osobnú maličkosť a ak nám chcete niečo darovať, ale chcete to bez komplikácií a uprednostňujete obálkovú formu, tak dukáty odložíme do fondu svadobnej cesty, ktorú by sme radili zorganizovali ako poznávacie kolečko po Slovensku, keď bude Amálka trochu väčšia.</p>
            ]]>
        </content>
    </entry>
    <entry>
        <title>Cómo llegar</title>
        <author>
            <name>dhaslock</name>
        </author>
        <link href="https://serranolozano.github.io/wedding/el-viaje.html"/>
        <id>https://serranolozano.github.io/wedding/el-viaje.html</id>
            <category term="SP"/>

        <updated>2018-03-16T03:41:22+01:00</updated>
            <summary></summary>
        <content type="html">
            <![CDATA[
                    <img src="https://serranolozano.github.io/wedding/media/posts/9/bratislava.png" alt="" />
                <p>Desde Alicante no hay conexión a Bratislava. La mejor opción es viajar al aeropuerto de Viena, a 40 minutos de Bratislava. Se puede viajar con KLM, Swiss Air e Iberia, con escala.</p>
<p>Sí hay vuelos directos a Praga o Budapest, desde donde se puede viajar en coche o tren a Bratislava.</p>
<p>Desde Madrid se puede viajar en vuelo directo a Bratislava con Ryanair.</p>
            ]]>
        </content>
    </entry>
    <entry>
        <title>RSVP</title>
        <author>
            <name>dhaslock</name>
        </author>
        <link href="https://serranolozano.github.io/wedding/rsvp.html"/>
        <id>https://serranolozano.github.io/wedding/rsvp.html</id>
            <category term="SP"/>

        <updated>2018-03-16T02:34:26+01:00</updated>
            <summary></summary>
        <content type="html">
            <![CDATA[
                    <img src="https://serranolozano.github.io/wedding/media/posts/8/rsvp.png" alt="" />
                <h2>RSVP</h2>
<p>Desde aquí podéis hacernos llegar la confirmación de asistencia, así como otros datos que nos permitirán ajustar el día y los actos de manera que sea lo más inolvidable posible para todos.</p>
<p>La ceremonia será el sábado 5 a las 16:00 de la tarde, y después tendremos la celebración hasta bien entrada la noche y desayunaremos el domingo. En el mismo sitio de la celebración hay habitaciones para poder quedarse a dormir esa noche para todo el que quiera. Más adelante os daremos todos los detalles aquí en la web.</p>
<form action="https://formspree.io/serranolozano@gmail.com" method="POST">
<p><strong>¿Venís?</strong><br> <textarea style="margin: 0px; width: 500px; height: 50px;" name="vienen">Sí / No </textarea><br> <strong>¿Quienes? </strong><br> <textarea style="margin: 0px; width: 500px; height: 50px;" name="quienes">Sólo yo / mi pareja y yo/ Los niños y yo / Toda la familia... </textarea><br> <strong>Otros comentarios:</strong><br> <textarea style="margin: 0px; width: 500px; height: 100px;" name="comentarios">Algo más que nos querráis decir </textarea><br> <strong>Nombre:</strong><br> <input name="name" type="text" placeholder="nombre"><br> <strong>email:</strong><br> <input name="_replyto" type="email" placeholder="email de contacto"> <br> <br> <input type="submit" value="Enviar"> <br> <input name="_language" type="hidden" value="es"><br> <input name="_subject" type="hidden" value="RSVP Boda"> <br> <input name="_next" type="hidden" value="http://www.lubka-david.eu"><br> <input style="display: none;" name="_gotcha" type="text"><br> <input name="_cc" type="hidden" value="krausova@gmail.com"></p>
</form>
            ]]>
        </content>
    </entry>
    <entry>
        <title>Flores</title>
        <author>
            <name>dhaslock</name>
        </author>
        <link href="https://serranolozano.github.io/wedding/para-los-ninos.html"/>
        <id>https://serranolozano.github.io/wedding/para-los-ninos.html</id>
            <category term="SP"/>

        <updated>2018-03-16T03:35:40+01:00</updated>
            <summary></summary>
        <content type="html">
            <![CDATA[
                    <img src="https://serranolozano.github.io/wedding/media/posts/6/flores2.png" alt="" />
                <p class="p1"><span class="s1">¡Queridos amigos!</span></p>
<p class="p2"><strong>El mejor regalo para nosotros es que hayáis decidido pasar nuestro día con nosotros</strong>, y de verdad es así. No tenemos ninguna lista de regalos, planchas, platos ó copas de cristal que nos podrían venir bien. Por no decir que llevarlos de vuelta a Alicante sería complicado 😂.</p>
<p>Entonces, <strong>venid solo vosotros</strong>, no nos hace falta nada más para ser felices como perdices, ¡de verdad!.</p>
<p class="p2">Si a pesar de todo queréis hacernos algún regalo, por supuesto os agradeceríamos cualquier <strong>detalle personal</strong>. Y si nos queréis hacer un regalo pero sin complicaros la vida pensando qué podría ser y preferís la forma más tradicional de un sobre, vuestros preciados doblones irán dirigidos al cofre 💰 para la luna de miel que tenemos pensado hacer cuando Amálka sea un poco mayor, haciendo con ella una ruta por Eslovaquia.</p>
            ]]>
        </content>
    </entry>
</feed>
